﻿<?xml version="1.0" encoding="utf-8" ?>
<c2eventsheet>
    <!--All the 'name' attributes are ignored by Construct 2 - they are there for readability only.-->
    <name>TutorialAlgoritmo</name>
    <events>
        <event-block sid="503254747950808">
            <conditions>
                <condition id="7" name="Cursor is over object" sid="403231014785157" type="Mouse">
                    <param id="0" name="Object">Sprite39</param>
                </condition>
            </conditions>
            <actions>
                <action id="4" name="Set animation" sid="373400387596678" type="Sprite39">
                    <param id="0" name="Animation">&quot;click&quot;</param>
                    <param id="1" name="From">1</param>
                </action>
            </actions>
        </event-block>
        <event-block sid="643750120806458">
            <conditions>
                <condition id="6" name="On object clicked" sid="323497127493649" type="Mouse">
                    <param id="0" name="Mouse button">0</param>
                    <param id="1" name="Click type">0</param>
                    <param id="2" name="Object clicked">Sprite39</param>
                </condition>
            </conditions>
            <actions>
                <action id="-25" name="Go to layout (by name)" sid="116563717140204" type="System">
                    <param id="0" name="Layout">&quot;Menu&quot;</param>
                </action>
            </actions>
        </event-block>
    </events>
</c2eventsheet>
