﻿<?xml version="1.0" encoding="utf-8" ?>
<c2eventsheet>
    <!--All the 'name' attributes are ignored by Construct 2 - they are there for readability only.-->
    <name>MenuAlgoritmo</name>
    <events>
        <event-block sid="815713652121208">
            <conditions>
                <condition id="2" name="Key is down" sid="892557820673078" type="Keyboard">
                    <param id="0" name="Key">39</param>
                </condition>
                <condition behavior="Platform" id="3" inverted="1" name="Is jumping" sid="292632713596815" type="Dino" />
                <condition behavior="Platform" id="4" inverted="1" name="Is falling" sid="516969249014281" type="Dino" />
            </conditions>
            <actions>
                <action id="7" name="Set mirrored" sid="838545030655892" type="Dino">
                    <param id="0" name="State">1</param>
                </action>
                <action id="6" name="Set speed" sid="784205433388668" type="Dino">
                    <param id="0" name="Speed">10</param>
                </action>
                <action id="4" name="Set animation" sid="569035442346528" type="Dino">
                    <param id="0" name="Animation">&quot;Andando&quot;</param>
                    <param id="1" name="From">1</param>
                </action>
            </actions>
        </event-block>
        <event-block sid="280421067084214">
            <conditions>
                <condition id="2" name="Key is down" sid="967113555380039" type="Keyboard">
                    <param id="0" name="Key">37</param>
                </condition>
                <condition behavior="Platform" id="3" inverted="1" name="Is jumping" sid="845226854049761" type="Dino" />
                <condition behavior="Platform" id="4" inverted="1" name="Is falling" sid="359225323723861" type="Dino" />
            </conditions>
            <actions>
                <action id="7" name="Set mirrored" sid="192025767539527" type="Dino">
                    <param id="0" name="State">0</param>
                </action>
                <action id="6" name="Set speed" sid="691735214062994" type="Dino">
                    <param id="0" name="Speed">10</param>
                </action>
                <action id="4" name="Set animation" sid="116331049793387" type="Dino">
                    <param id="0" name="Animation">&quot;Andando&quot;</param>
                    <param id="1" name="From">1</param>
                </action>
            </actions>
        </event-block>
        <event-block sid="841636490154441">
            <conditions>
                <condition id="2" inverted="1" name="Key is down" sid="852124272437585" type="Keyboard">
                    <param id="0" name="Key">39</param>
                </condition>
                <condition id="2" inverted="1" name="Key is down" sid="464710716608653" type="Keyboard">
                    <param id="0" name="Key">37</param>
                </condition>
                <condition id="2" inverted="1" name="Key is down" sid="342227600071265" type="Keyboard">
                    <param id="0" name="Key">32</param>
                </condition>
            </conditions>
            <actions>
                <action id="6" name="Set speed" sid="237319169250957" type="Dino">
                    <param id="0" name="Speed">0</param>
                </action>
            </actions>
        </event-block>
        <event-block sid="460756623697546">
            <conditions>
                <condition behavior="Platform" id="3" name="Is jumping" sid="839532803369918" type="Dino" />
            </conditions>
            <actions>
                <action id="4" name="Set animation" sid="957846868607470" type="Dino">
                    <param id="0" name="Animation">&quot;pulando&quot;</param>
                    <param id="1" name="From">1</param>
                </action>
                <action id="6" name="Set speed" sid="530968076073055" type="Dino">
                    <param id="0" name="Speed">0</param>
                </action>
            </actions>
        </event-block>
        <event-block sid="630990463535514">
            <conditions>
                <condition id="6" name="On object clicked" sid="653999048669053" type="Mouse">
                    <param id="0" name="Mouse button">0</param>
                    <param id="1" name="Click type">0</param>
                    <param id="2" name="Object clicked">Sprite26</param>
                </condition>
            </conditions>
            <actions>
                <action id="-2" name="Go to layout" sid="863543398380001" type="System">
                    <param id="0" name="Layout">Deserto</param>
                </action>
            </actions>
        </event-block>
        <event-block sid="305274601950601">
            <conditions>
                <condition id="7" name="Cursor is over object" sid="823571925533907" type="Mouse">
                    <param id="0" name="Object">Sprite26</param>
                </condition>
            </conditions>
            <actions>
                <action id="4" name="Set animation" sid="890535019272220" type="Sprite26">
                    <param id="0" name="Animation">&quot;click&quot;</param>
                    <param id="1" name="From">1</param>
                </action>
            </actions>
        </event-block>
        <event-block sid="272391269842254">
            <conditions>
                <condition id="7" inverted="1" name="Cursor is over object" sid="525156553853898" type="Mouse">
                    <param id="0" name="Object">Sprite26</param>
                </condition>
            </conditions>
            <actions>
                <action id="4" name="Set animation" sid="938064563565250" type="Sprite26">
                    <param id="0" name="Animation">&quot;Noclick&quot;</param>
                    <param id="1" name="From">1</param>
                </action>
            </actions>
        </event-block>
        <event-block sid="896442417302376">
            <conditions>
                <condition id="7" name="Cursor is over object" sid="240008266182106" type="Mouse">
                    <param id="0" name="Object">Sprite44</param>
                </condition>
            </conditions>
            <actions>
                <action id="4" name="Set animation" sid="177684965889318" type="Sprite44">
                    <param id="0" name="Animation">&quot;click&quot;</param>
                    <param id="1" name="From">1</param>
                </action>
            </actions>
        </event-block>
        <event-block sid="476575108920769">
            <conditions>
                <condition id="7" inverted="1" name="Cursor is over object" sid="491830206188847" type="Mouse">
                    <param id="0" name="Object">Sprite44</param>
                </condition>
            </conditions>
            <actions>
                <action id="4" name="Set animation" sid="444107625051877" type="Sprite44">
                    <param id="0" name="Animation">&quot;Noclick&quot;</param>
                    <param id="1" name="From">1</param>
                </action>
            </actions>
        </event-block>
        <event-block sid="777415443316616">
            <conditions>
                <condition id="6" name="On object clicked" sid="690250028664510" type="Mouse">
                    <param id="0" name="Mouse button">0</param>
                    <param id="1" name="Click type">0</param>
                    <param id="2" name="Object clicked">Sprite27</param>
                </condition>
            </conditions>
            <actions>
                <action id="-25" name="Go to layout (by name)" sid="418406291568396" type="System">
                    <param id="0" name="Layout">&quot;Tutorial&quot;</param>
                </action>
            </actions>
        </event-block>
        <event-block sid="968205346853035">
            <conditions>
                <condition id="7" name="Cursor is over object" sid="491937581834794" type="Mouse">
                    <param id="0" name="Object">Sprite27</param>
                </condition>
            </conditions>
            <actions>
                <action id="4" name="Set animation" sid="553347035186117" type="Sprite27">
                    <param id="0" name="Animation">&quot;Click&quot;</param>
                    <param id="1" name="From">1</param>
                </action>
            </actions>
        </event-block>
        <event-block sid="388960401413561">
            <conditions>
                <condition id="7" inverted="1" name="Cursor is over object" sid="719243172465303" type="Mouse">
                    <param id="0" name="Object">Sprite27</param>
                </condition>
            </conditions>
            <actions>
                <action id="4" name="Set animation" sid="160863826741280" type="Sprite27">
                    <param id="0" name="Animation">&quot;NoClick&quot;</param>
                    <param id="1" name="From">1</param>
                </action>
            </actions>
        </event-block>
        <event-block sid="199459605460450">
            <conditions>
                <condition id="6" name="On object clicked" sid="633669393130832" type="Mouse">
                    <param id="0" name="Mouse button">0</param>
                    <param id="1" name="Click type">0</param>
                    <param id="2" name="Object clicked">Sprite44</param>
                </condition>
            </conditions>
            <actions />
        </event-block>
    </events>
</c2eventsheet>
